wafer_id,etch_chamber_temp_avg,cmp_endpoint_thickness,thermal_anneal_temp_max,etch_endpoint_signal,wafer_edge_exclusion,etch_pressure_peak,cmp_pad_temp,deposition_uniformity_index,deposition_thickness_var,cleaning_dhf_concentration,deposition_rate_mean,implant_dose_total,litho_overlay_y,etch_chamber_temp_std,deposition_gas_flow_avg,litho_overlay_x,metrology_cd_mean,cmp_slurry_flow_rate,implant_beam_current,metrology_cd_uniformity,etch_rf_power_mean,cmp_polish_time,litho_exposure_time,deposition_chamber_pressure,litho_dose_avg,implant_tilt_angle,implant_energy_mean,cmp_pressure_avg,particle_count_post,litho_focus_offset
W0003_0000,3.7538454274737885,22.205329489582784,19.375262060017153,71.5874025501521,,-5238.360424994775,19.835615267014397,0.029963116324354843,9.133724009640892,4.8985649552813815,0.8677943445632047,15.876224800464408,4.27020676979201,33.31743974825188,29.278553277745363,0.9759521951314385,-9.034330636284386,5.087033153748122,8.09680103536775,0.03152111871003919,-0.9290824621907049,-1.0926761193845698,0.07582255015951721,,,7.037044206671241,1.8886560817679963,15.824003993018447,,-0.01187394157185197
W0003_0001,10.205325642341258,14.208176020381726,8.670547550880757,66.61027918361957,7.900158911668578,-5497.459042611366,4.515552457755062,0.04467206523378515,8.817005692081333,2.9531787948956616,0.7701336304322123,15.589818994919419,5.18419880179488,37.15134555342245,6.974393143847662,7.824204489806343,-15.325793924706936,4.14447336655682,11.49696375629126,,0.3561396660759122,2.2888365624726124,0.10200797577448999,0.09977118980515656,,6.103652241380713,1.0637971466670562,15.602790456887936,12.92679877442321,-0.011386796759418926
W0003_0002,9.48706406794565,16.646756139248613,17.77028314884098,67.08412736092747,300.7478913563376,-6343.01480750168,4.915748928552244,0.0334043217850698,,3.581905495362122,0.7902550150482245,15.727341869978636,,88.39587334988309,19.940832376745412,10.115166587354695,-15.653656000617595,8.540697812611803,6.021989106093103,0.03676732454043155,-0.06342642396163967,2.0227405893130004,0.09401129829235237,0.11610916467749467,,,1.1572863351370328,15.731607198108659,722.3273263490471,-0.006000487781874083
W0003_0003,13.67579940592857,36.54865466522582,5.111686081566468,70.2282208782046,,-5362.44684654833,15.433164487251878,0.08348263531834316,,,0.8289618024728289,15.77250618559157,28.45847374829999,108.19538924360407,10.578537831068349,17.787545356599107,,-3.183430970458269,12.401163307805799,0.058953735368072066,,5.289478454157525,0.15027345154728414,0.14989461453965314,0.13792446842857228,5.276707213458145,0.9090879596048639,15.804230917475307,133.248110868806,-0.0021231172587376436
W0003_0004,31.54314847300811,15.404603744321204,6.458157245645097,71.06203769846027,,-5426.774372876234,-2.320082103951809,0.07035476889174061,8.843748310042706,1.603358048331046,0.7067472391653614,15.738433037769536,11.118747965174457,108.72950847122506,5.240188150595001,12.395720594972591,,3.664983267439669,18.42987741013853,0.04600810802602092,-0.4432506139428317,8.604938662655918,0.14659620693858585,,0.049607150600367605,4.886575105391596,1.0397412018913885,15.73537915667504,123.86138425007921,-0.004803044815117066
W0003_0005,-3.696587846788547,28.210549923842883,,59.840444374594526,176.2537744845502,-5564.161721314894,15.715364082924216,0.06505443887696608,9.20008879591531,2.9663511953839383,0.8215342843256188,15.833035337227713,7.185342593279927,63.77559984125196,,,11.134058490124044,3.4278996568897386,7.665941699338214,0.04821340356656259,-0.6753069710500568,10.235549229670346,0.1658270138341125,0.15665953822482834,0.030637527627570087,7.811716350033552,1.0902384514115626,15.875271659794981,467.14256693241936,-0.0071102377891138924
W0003_0006,,18.35184667474602,7.449471579358402,,731.0790573461825,-5929.9184930492975,11.56985462998821,0.05739160799556914,8.923298729413947,4.49900055176787,0.5774664588177332,15.722111456277815,7.375105570965421,41.37802695361712,15.074820053834692,11.586867781725216,16.47439682683116,4.639027377568835,6.185730342211533,0.03786068132837916,-3.389169274407812,8.866775213070518,0.13799133774057964,0.086833351667346,0.029357266546680957,6.749438274705163,2.215619395585896,15.725697600660574,134.66056968773077,-0.009971809413312877
W0003_0007,6.394256938028796,19.250082430514652,8.967438826181759,71.73789645589666,163.0482099081877,-6271.778058988148,4.893288069853176,0.05649338782682193,,3.7306358195245712,0.6818887946340723,,,35.81027048757807,31.00177870233002,,0.3666450316543934,4.3010858823946725,5.290435218699091,,-0.8098539066018609,4.902969711271068,0.13425507203367068,0.07041770883859437,0.051466515688930355,5.736406471868718,1.1703569246844474,15.906224241716467,3.448791408568392,-0.012270161994981136
W0003_0008,9.029962151184678,16.32851794542548,20.225678602519718,69.57949747949289,-46.52364553916934,-5687.51230376468,5.3936674869234285,0.07322070725072378,8.571800775248352,5.373632803018551,0.8487834280698828,15.863709594809347,5.59715527689954,54.81274812486677,14.860160260635784,7.308979974769091,-3.4538799840703187,9.192195686780934,6.063963577672243,0.025917591571528897,-2.4637652027082075,-1.042719384136504,,0.08104971795367774,0.024329425657001715,5.495309838511574,,,66.13946202287345,-0.010644904500093895
W0003_0009,40.51581956754051,11.573049315118986,10.466464242162008,68.44509873446222,,-2691.0325426208165,206.338728097669,0.5263271612382016,8.631046822645965,6.623470935240725,0.7753007270879754,15.742525481636077,13.30896786721606,82.86841703010762,,196.986604450473,11.117734737100237,202.12781863745178,12.204719314528008,0.03620319582893648,-0.5233911279099398,198.7320124265045,,0.05963724289165819,0.06862668503149437,,0.8951351232350955,15.70128156787104,90.29967220911746,-0.0010519451523255288
W0003_0010,4.8262328413254965,21.634448399681105,10.51226960504611,69.6813548625963,575.4059356002181,-6679.632422639493,,0.04643986614769258,,2.730491272460084,0.7787350648965331,15.795138934059027,5.0854707271978095,30.69465072238282,22.207620791906404,16.81718768784522,0.9079380109848263,11.866244026493348,7.428909336721568,0.04035683782788209,-0.7677550584271557,,0.12564247732870606,0.10175656962883944,0.02501977400233044,5.819412909828225,0.9946701708633503,15.818348363045432,,-0.010553227365026965
W0003_0011,5.754093529691158,20.94553611190997,13.841046714278983,67.5856932632839,11.022213026728918,-4990.833282119888,43.68716696015676,0.04327794411309826,,,0.7395552859162445,,7.290869069838593,46.26371731204453,,8.27170384485944,0.6086286138638553,0.19863853367624817,3.5396932240736065,0.030746822195824308,-0.5413816658275894,,0.12370803393708939,0.07864554360066024,0.035598343292201226,8.474399764414722,1.2383619001185258,15.936804368445504,69.85262838081597,-0.010048048590299993
W0003_0012,19.03628401130728,,9.634311898465638,63.6756908482002,33.97901063514908,-2698.338656572898,199.4671586326201,0.5064322525173756,8.32452694837895,2.4434904895509137,0.8412994664299508,15.722569259373765,34.62832128264688,226.8332372610103,213.13255561035783,208.30525260401774,,,4.9382583274189615,0.058177935626445805,-0.11627969077303721,207.4838090810005,0.9047042064238019,0.15783433896325083,0.16468771680741495,4.068520711837376,0.8940859813636298,15.734946590328322,16.48359098616532,-0.0033271584909056423
W0003_0013,,5.848073652666481,10.313021919078457,69.52574286225669,55.20674095141817,-5151.96449841738,27.802033816669184,0.07873158206702607,,4.960367583164676,0.6755494092738563,15.918672149083172,5.717614073312738,,,14.128736635166888,-5.764318149455097,,17.28128884429664,0.029645772838094255,-0.6845051456684377,7.1713270013952,0.16556963750277648,0.040615173485158924,0.017889421663090557,5.535578681372794,,15.983725156586434,381.8382421458315,-0.0068073428883986585
W0003_0014,16.87551926018727,38.204226451376755,11.276539474079065,,786.7722801424037,-5433.01970052733,23.171779180091175,0.09806565024761149,8.534932341354164,3.4167217177978455,0.8245045453839095,15.765571491309045,4.699688766878384,88.39863385683086,20.095275411882394,13.555000802496485,0.7355130528613674,5.0329001477012145,13.643960344481274,0.054242096741048705,0.01056204030601005,-3.435403853966868,0.18088105495387052,0.11567100019449508,0.01597677651686993,5.854436365603392,1.2716377598358062,15.742518700865084,190.65367459054443,-0.0029978483653074948
W0003_0015,7.280984881427732,,4.776403674805596,69.69779786727959,6.518008972379111,-5769.994592067531,10.095356894639874,,8.479108376863744,,0.7808127172146497,15.79372500715865,7.300458344729927,46.235729756608265,,5.7863274547253605,,10.904142616260822,15.601330194397475,0.036867270602557504,-0.7233485719250844,9.51456885701269,0.13840522689046383,0.13412419532595027,0.02644069411975619,6.1483158716533035,0.919739644462572,15.794261912881696,42.000535153179726,-0.013434344483120616
W0003_0016,-16.672040479577717,41.215260979699615,11.398031074491241,65.6203416499568,567.3992247807632,,36.890976442890356,0.02826493281971037,8.566753368340333,4.393115248431205,0.7876784430435754,,,54.33809304728716,25.569130686108263,6.09147977320839,-2.0408840388787177,,,0.03972979539758205,0.13636703621645666,-3.513675821983685,0.07046058398370499,,0.018618732865516616,,,15.799389460370769,263.8941829686776,-0.006707522459282121
W0003_0017,4.926451349142391,19.380690763870355,5.572338760327656,67.82825271771202,696.3237836398456,-6517.6164873921325,4.527453558944117,0.030672161007805794,8.95438617721227,2.9541325008534063,,15.714446843792567,2.69321713491662,13.178086099174791,8.663718553413432,3.7531820865137284,,0.8605561552948293,3.715670454277126,,0.5399052208322622,-0.719005262288126,,0.06385060891679528,0.016315433741971235,6.005699783902785,,15.733426449205945,609.218222330223,-0.010600841181318139
W0003_0018,5.341138014531664,18.506656550110108,12.789455004880933,73.23005642907705,301.97880535335884,,,0.0798962961424802,8.896914951908634,3.3545919953205847,0.8425945005294668,15.730314226068856,5.404547067737905,45.849809981053646,23.578933922000523,14.810625705719422,13.971153685729458,1.4553187395703764,,0.0237872477412799,-2.604145233728873,5.467154461444286,,0.06612510598317724,0.009414723516038864,,0.8851703815478167,15.665234541492707,52.53257937833767,-0.011664430458289028
W0003_0019,10.100672126544065,15.941132011953075,,69.87469408849657,640.9244185242031,-6293.274978933592,5.912937917893768,0.04965356179931035,8.709608827076565,,0.6449373927930513,15.459932117534859,6.163255473071544,64.42658041683484,17.456609167073697,14.038360771912146,,1.391818764758908,6.228930549368749,,0.09584532071436216,,,0.13781990525748564,0.02800913396970966,,1.340556840399798,15.807991824182544,165.3563210895528,-0.011939134476791518
W0003_0020,,,12.725361853418917,69.16301101550967,32.38726981371912,-5200.144664466137,13.069466080974355,0.04742501517209848,8.47440448784567,,0.7660557162840781,,5.754981187486232,85.61537956064758,7.129045225947556,7.433352024789408,-5.570787662455307,0.39555427147880273,,0.027405732728934998,-2.4441489267982313,12.719461770684575,0.11405976197258574,0.07059260329957442,0.010132819733103053,5.198878525659008,1.1282824518118177,15.584592237712021,233.743651824072,
W0003_0021,,21.157762442503028,11.146722256113312,62.359372661654525,,-1414.8788490153884,402.4687205332015,0.4569751694165664,9.026671246801484,,0.7647729175861507,15.772957898889715,39.95969985109487,121.30540420528423,400.1959758053716,,,402.35559011440944,7.374073808599658,0.0620070659920782,-0.060110799274062605,,,0.1360556700447562,0.18311693300853107,,0.8711435370376869,15.793336535880641,60.867948597213335,-0.0005285116196257469
W0003_0022,,18.677873685890017,15.685602652803162,68.33768083252862,403.85545374360123,-5843.461937045035,45.24849192461902,0.025561764331932295,,5.806419901033149,0.7039728700396435,15.79011750674234,5.254438562275574,73.35459550070172,4.509620864039673,-4.5247797369558285,-11.008996786750707,4.68742392376671,8.493493342143562,0.04532483994924086,0.7955529587241132,4.200109186743809,0.03935221719000932,0.12715753818269787,0.01672863228643976,,1.1506747019826584,15.85059437326187,43.37582597751036,-0.014324279710724573
W0003_0023,10.097703618360494,23.20335528908471,,,35.34303851211581,-5423.10565751793,14.051585829236403,0.05548374724071191,8.719536089880284,2.5788540237414233,0.8555863196614736,15.750499458193353,9.818530067598783,,19.896719788630335,7.606140276178212,10.567095761547387,8.527349515143257,6.113806559652017,0.04118725931857488,-1.8619167532091154,-1.4490174616585794,0.1238856286696331,0.07955535201789361,0.02675799013728041,6.259261697538379,0.9663486319988432,15.680616124648804,153.3914825058284,-0.004941718319340346
W0003_0024,8.904269887744617,16.970532463943275,8.100104624264828,,29.156727689213763,-5198.842489996272,6.268382361155347,0.06553864845088422,8.764569250621058,4.24661667258155,0.8770157417930522,,,,15.717151658528202,6.744819548580205,-4.361944339369969,4.6985593736736755,7.151450958643765,0.031234651203237,0.5922396180292722,,0.1527889128600054,0.0760308002607206,0.02438832600916742,,0.9326021390429052,15.747200100990568,352.6357056211846,-0.012926764318538505
W0003_0025,4.4341022846287075,21.857772107644923,9.068148150601669,,49.35323865751998,-5112.554460712624,5.643614653231393,0.08893309526022714,8.915446539816132,3.5272104075331105,0.5032968882530073,15.71912416180166,7.237228074624189,35.32750604532442,10.498184571572732,20.777812010718378,1.150667287792063,1.1009019864666514,4.166876980414713,0.032968730578272036,,4.357253933115042,0.20047433990266142,0.09604791651831664,0.028285983483683108,6.160625849916564,1.7995959159108879,15.71332433485041,115.74178295889398,
W0003_0026,43.16672829159602,10.939868069956939,9.353867098631616,65.73715162491823,-41.034193369221406,-6420.605594755986,5.4546155540146355,0.015348855735411357,9.264850657773117,3.325989648185246,,,25.967807827788562,52.93950442354712,17.038233584856727,0.2696027211215348,-0.5356350963350692,-4.189957684647817,13.120020692675798,0.06236697994822593,0.122174727228842,6.160362065763101,,0.17621270107920436,0.11597314417865144,,1.0338137970834747,15.837555134955677,345.55761710650046,-0.004148470383664576
W0003_0027,6.924367599522682,18.093799852896808,,73.42140899084448,11.684283917024601,-5318.9718455233315,13.300258354501123,0.02844503797370446,,6.957152736173559,0.7263515594721286,,50.82309803064759,68.12897984941607,15.25860604553033,1.4280670658131602,2.066325234513325,6.660687891467022,9.95794150859942,0.03832058000550185,0.01550530602668766,7.137809295003858,0.07276809106929946,0.10886716817722185,0.23003525097648703,5.355133855786134,1.3308380089074467,15.671418619963948,-8.893656688964036,-0.009796133942057987
W0003_0028,6.428349131716486,20.84485729214195,10.142723082278831,68.22002291508947,641.5584091732669,-6173.837283499601,40.60889225919819,0.03375131033417915,8.60908637052619,1.6544813041272803,0.6573941790672218,15.847318306768456,31.881991251135993,72.06917867918668,22.052948078914568,5.762631621979547,8.169698126221567,2.2382571210981577,,0.031114710521621566,0.007348020984354164,,0.0821288562917979,0.08297238750346571,0.1283877764858699,6.385789870756948,1.186858140152594,,-12.530501791010192,
W0003_0029,6.806533724461161,19.2599839101071,10.172122261301274,66.54171572179231,82.55873328450141,-5325.097248570826,10.381804164297103,0.055956441859124864,,1.8035377671505366,0.6211038921893496,15.736555960293321,6.924734083249143,50.48855437605866,2.530871899651933,12.484147444010429,-7.105846108951129,,2.5933843965776875,0.028422776310137867,-3.497538430812611,1.155797951876686,0.11154438712589385,0.07269816049473751,0.027070734101758857,5.452383600264738,1.775701342087886,15.646113368271184,297.7583744186469,-0.008317044444719467
W0003_0030,10.74454682573512,16.775633499017314,11.634697472584522,74.31299139668832,879.1035562986043,-5561.885821566589,9.478641859691121,0.04467673800905875,,,,15.759242808958453,10.129515467750974,49.688995264736334,12.019313603022685,7.743990118908406,0.35316143857056737,-0.04991424905268049,6.880030157052634,,-3.408190224135683,1.866717511399202,0.11746881426832052,0.12275587495865888,0.03168418805411909,5.827419829256623,1.8061829087655943,,,-0.01267169092750074
W0003_0031,1.9399491502414445,21.54704816438399,,,966.9046237169941,,3.794082087100179,0.04946644492593688,,3.703527059425326,0.78531842921909,15.911529284611808,15.674848636968777,38.97608954227839,17.175884690323905,9.76164414233802,-10.632637366719184,10.354384291342567,18.034881152879823,,0.36393882718928877,9.17040810506247,0.13087433943255453,,0.08407497607174155,6.074204675152083,1.0834201506067938,15.938731673046519,,-0.011279995964518721
W0003_0032,15.043379225393728,31.72127041543742,19.2847914147912,64.08522328816396,,-5663.778478903237,11.690678420275574,0.021381846623926816,,,0.8511898488262521,15.881967819192013,37.511622699446804,35.23091737475832,41.969655541661936,8.836996039081697,1.1295977886066946,1.7594953428685716,10.1850842971485,0.02226382782177465,0.8042019333202237,4.2002714736890505,0.06412260325555784,0.05308451487093752,0.1785385036929,4.434926808594554,0.7686070991742596,15.883914700768505,196.73787816509903,-0.009273606283490231
W0003_0033,1.0438566823936428,25.328925354396574,11.10988166915723,,514.6480031372505,-5467.280288766857,,0.08264399968522412,8.840723823025451,3.732031081120427,0.8121475681529167,,,28.38791903394231,13.097360936315155,9.786924827026642,17.687122715888854,6.19593372382416,7.505544186495154,0.029511410230910487,-2.4044269159646783,1.4638624586309157,,,0.026027629363788447,6.263950899192817,1.3814208882857442,15.587878312528106,85.5813720526208,-0.012791143658731378
W0003_0034,0.8961525819471365,24.29137456873257,15.189811848670725,69.38442617157338,4.722915045828704,-6259.225222400484,7.2875680729834205,0.046233501499786084,8.106742999116891,3.912756251680855,0.6588123362966278,,7.865268747269434,39.865584564124276,11.017361672507123,19.67366186227711,2.776717449509438,1.547609207211086,6.191390417898292,0.0398866387857068,0.12643805047906395,3.2291055439288794,0.12272164114902359,0.09987890915506802,,8.337256023824446,1.4418962750150692,15.718378497338662,,-0.008950816053636849
W0003_0035,9.717287688238729,22.33493912467217,10.353948189257428,67.16489752845894,32.00330732229486,-5781.350117424159,,,8.740272831178396,1.8795434041474273,0.8295832370007487,15.835089633846314,5.2218147481168975,32.42916605908977,,6.982280161032422,-9.25591790564996,-0.13039497665175226,5.522720900406428,,-2.741941584992557,0.4108795303174628,0.11162478315134877,0.06161237464255904,0.0275175827045924,5.133809749623768,1.2724522217276668,15.69942320617224,582.0702918302037,-0.009786696330607525
W0003_0036,-5.958848554836298,,,62.169847226766315,490.95785002057687,-5060.243468911924,17.482806031143713,0.04724055030871552,9.342327132071452,3.2615637559857107,0.8303029660528046,15.777412475612762,31.364992559635077,90.71371327514186,106.58385673688132,-0.37255994290536787,-11.466986210582048,7.187497303875906,9.662443701903111,0.03566193197448749,0.8454731451297807,5.140062183722117,,0.08673477349572531,0.14553931375429793,5.366829066293595,0.9173626597075955,15.812051586568135,110.23156484738448,-0.009152960367206251
W0003_0037,20.464269231214576,25.178282347833054,14.66391838589428,63.776639320811675,4.610800017562926,-5295.689429903202,3.0340603289003143,0.04489089617401359,,4.7959191012308215,0.6897735576559164,15.82004593393872,25.539392828839222,31.67541265665532,14.820738107697908,,0.7574017874565684,-1.355826024984454,13.266535218873802,0.022679163715989506,-0.6405451321834877,6.337188570745327,0.09781219403661494,0.06018832421021633,0.11982841666393397,,1.0157153923865432,15.878514309832617,141.09530915873404,
W0003_0038,4.983333613470439,19.51073863682688,11.535467430335407,72.17049336106568,16.306965259791774,-5618.609792043655,-2.9914746932183234,0.06930251469115281,,3.9517770550072107,0.7422083661125793,15.778173022648932,5.623855978531065,51.68831579592339,12.638397709242364,14.277809602707332,-1.4556594755905075,0.9246427655056646,8.185990945082793,0.03581089481038879,-0.4487986730076264,6.776237610693766,0.15732941989829374,0.09669353846328146,0.041092608623485856,5.021673566533718,1.1677950949021476,15.740552965367906,244.0737690485169,-0.012364219280992284
W0003_0039,17.715440162205002,,7.957982434811662,,618.633197332762,,8.376318871683878,,,2.9056341126306955,0.7564433791069161,15.807747317281581,44.27225848719426,107.15927637173152,,9.063913855940294,10.399607278733658,5.843316768350628,21.06701009968397,0.0296582613439138,-0.2431681447679772,-1.8657224363330385,0.07495188738153796,0.05841467067824573,,5.423262680920489,1.1078228486382684,,56.77433707995294,-0.0018154039779616812
W0003_0040,,19.110044816181613,,67.20305842786597,963.0824355544272,-5225.182997236788,15.254115448770909,0.06878914054618901,8.644725989232233,5.809186189631549,0.7774777823005942,15.742150848161648,3.545576449567567,40.70382968848906,21.91681971030222,7.351571730392382,-3.2560774436908977,,9.233149603543364,0.02608599877642817,-2.1040343594451425,4.986587434727495,0.15477097455145983,0.06340117097003697,0.014933072035396523,5.651241817278672,0.9025625411801481,15.714236987924513,108.21504559946649,-0.011806568450656352
W0003_0041,28.44012318708762,24.76616237478056,10.368517550055023,63.57272292032267,404.65354931840113,-5073.963484930051,39.33982690795324,0.08746019297233826,,2.550951897235109,0.8094206830055004,15.934544128743239,14.099359607240073,76.49342873956785,116.49122879608953,14.084049209977918,5.396123681106159,-1.1498655963511246,,0.061255464976126,-0.01949628188746029,0.003480003595546899,0.20605115121370443,0.137951580249087,0.060927563163545986,4.220746423835171,0.6131599838215755,15.945396693336837,143.95251582008729,-0.004481387012120312
W0003_0042,32.286321701004994,12.198811619426433,5.536195726068059,72.92016590084496,541.973310410853,-6285.13827541875,4.299643991393362,0.04119225605250545,9.552078641740001,3.306936176929806,0.6404072514588051,15.841786462287377,6.478662023004522,,20.326780775415784,21.445067422531466,-1.2365392398235644,5.8610839995793125,7.14097741003481,0.06257656777723591,,3.9983005757192362,0.11743643778683321,0.21884561270012357,0.02628994165760006,5.997384995667392,1.3831411282355501,15.876409733611814,413.60723911845815,-0.009948476927649356
W0003_0043,2.39933340415833,22.927569278806622,,69.00264102070352,-21.76808503685125,-6345.163251431751,1.8583042464275619,0.053354285414573474,9.341985314409749,5.162122619912393,0.7858933159974524,15.721175456773882,6.823091359633784,20.256184888575408,12.880032737098237,10.746444275206645,-1.731973879045794,,9.27968769873001,0.06635182842017727,-0.04567861775279958,1.596147840371414,0.09535956749604783,0.22912427522713566,,,1.0842412790353433,,162.52111265706156,
W0003_0044,,18.808310818255862,15.419520112166884,65.53595870261165,,,,0.06266236953056553,8.592041909164895,4.974753320962559,0.7262197242182795,16.04823636117843,5.386721047589426,40.216831234089824,20.71495012940112,12.075133609293351,0.812516404745896,-0.5018693133115262,6.000590708265516,0.040041826604673786,-1.7534339546264486,6.997073867301993,0.11692172495492643,0.0720304402491634,0.026104364302555208,,,16.08279152780302,,-0.007194208236812214
W0003_0045,6.6383574352970225,,5.698367756867409,69.62643425823728,910.5206581068281,88.37159454387552,5.534095095052352,-0.008018742155807968,8.703550321520046,,0.7725851575091843,15.900659041484365,,61.74957928055404,,-0.10037141189053489,,1.0307312917920848,19.67760624279083,0.03335918923182865,1.9179252442424837,-1.8415945213276295,0.008924672830811432,,0.02581439722689927,6.5919725164309035,0.9387033249505615,15.926677101453718,46.46397562983253,-0.011421002521731609
W0003_0046,6.404610215788478,,11.823377867995534,66.55547802899827,-26.228841076122336,,17.300057452135356,0.046608641953164234,9.027490651044138,2.4080957314340017,,15.91549959795553,6.135187521982173,98.33940501721182,6.8001381597952175,7.7144040352025245,-0.913291611114027,2.0268206805099176,8.94601956703356,0.034266401378704216,0.14825060470144255,5.7370217333244895,0.10552340183308101,0.07844604110675928,,5.051985984387045,0.8406245753853568,15.876621345454657,187.6979562360057,
W0003_0047,31.001117384332193,21.225762472969674,10.206686223137197,67.3735443797797,923.7248457681598,-5448.490422615957,,0.04668375769658248,8.579543008292996,2.4457151547517992,0.8452090667617732,15.735130298503789,,69.66600452222687,12.440168941112727,9.07667576145306,1.726431449197929,-1.51208651682453,3.399816154465413,0.06879396164260604,0.3802027495012245,8.356696006871571,,0.18464357082245916,0.07459020484352685,5.093773353731345,,15.708953350455932,56.782929311294495,-0.0011740176602872572
W0003_0048,2.2237538030189468,,,76.09665457576969,-38.01760945297806,-5405.451998134377,22.529935961194397,0.0762010806897316,9.309137288347705,3.042602561366636,0.7337195141439384,15.777792319656601,,21.6549059279006,21.95885009662398,8.485106138237846,-1.809258769312489,10.022767086477828,9.608512646015638,0.04012737895912364,-0.7475655831516868,,0.1644921122853867,0.12652349604925922,0.027787502719422427,7.263256240226194,1.3807833691200413,15.71698376289452,341.3979785924305,-0.00966605608189308
W0003_0049,15.77530163378627,,,67.58766239788882,585.0083804640528,-6358.050234061516,1.7605122805830775,,8.798650403188129,2.589736217079526,,15.896172796231072,6.716622641409394,25.972833774044233,26.253063043781147,10.820045747010896,-2.181273092545511,1.172835955417378,7.369263947011246,0.022256297584950808,-0.6150007141452795,4.901888756875449,0.0997444101620037,0.04772300896736716,0.024869841634419073,5.905697390956153,1.145202251258777,,83.81040449279945,-0.010799086370901302
W0003_0050,6.504523428702936,18.217192369005023,9.627732417843642,67.18461612182728,,-6277.430311280753,7.549360002660022,0.04037349883261131,8.38049464048173,4.440593749586713,0.695781591888824,15.721044467968316,1.413294461464728,23.439173442142657,25.630531294745307,7.834444599922739,-3.015442244766335,-2.7146255374314734,8.686895772599195,0.031144050614525468,-0.0027292003754115987,2.611240997322583,0.11342797790000733,0.09414340498548285,0.01067010917878392,,1.0736735783548528,15.75612244786452,106.56449341063518,-0.013062672864532724
W0003_0051,20.74842919657877,32.385351182189126,9.554905913056917,67.10745334770513,265.9216285291044,-5489.023140296252,13.462051932135388,0.09185716801835783,9.353650134775625,5.984572075413819,0.7777553490190114,15.739946275556806,49.69130643550605,48.756755444552255,17.77262318668671,,-0.28099396644986796,-4.991253657853602,20.49275170668725,0.06348875616546307,0.03968368065549209,0.4142449785977733,0.19395870493012204,0.16812326547655843,0.22341526130546568,5.082687674852885,0.8817458550655375,15.74215369482206,107.724329052662,-0.002577133983896129
W0003_0052,11.175978101517696,14.143337441082057,9.19949596124964,71.03952275051111,377.8900294586251,-5267.149976266672,27.26620983611658,0.08413615371274369,9.504516133726144,3.8091512194079535,0.7568202078607046,15.866628069607996,25.887958455476916,63.237481907565275,9.849920960993629,,,6.149657794964006,,0.030877883101463284,-0.8085900753765618,3.2840101195838836,0.21758017515091566,0.0828159309024028,0.11607501194687418,4.1095630485013,1.1742124834058485,,,-0.009350253098864433
W0003_0053,30.833037432320037,15.266892874417334,,68.62850272495062,-6.936106439507542,-6174.108912711484,,0.04453844913455584,,,0.82824102870847,15.778184176201112,17.87549121452426,38.321847864385475,16.811342672783486,14.507938479917652,-14.983941193344306,4.287280887628945,14.315553160101425,0.02115074565668888,,3.889582953034651,,0.05499260163688256,0.09107813668566252,5.760248236573265,0.9849097328856246,15.824941614947658,,-0.006433784390038624
W0003_0054,22.56720811387892,21.916728139643233,11.967258188478056,65.9481657412553,873.0573543726088,-5202.713483188125,21.843473578713112,0.10271363015745798,8.453102599832723,3.348601101056522,0.6803074156236059,,8.251111045592147,50.44801646824543,12.911293923815258,,-10.855694250755224,1.4532006737107461,10.586952545678221,0.026891426097412047,0.5457889919796912,6.032920368807411,0.19425309179852715,0.07668141412496716,0.03810431278756679,,1.1615282458038056,15.846083905101496,248.55673476669108,-0.008856091326347397
W0003_0055,33.68803735648804,,5.233134904438983,73.0193268442882,536.2123057979561,-6367.528367211197,4.825685660402726,0.049483469460664176,9.042718917799625,3.1215462512250514,0.6467150652918356,15.80848111668418,5.432837231067832,,28.35587103829329,9.178518859280677,5.417563382118491,3.0044397738682687,,0.06203279263163592,,-0.6997303995264748,0.10035858435392367,0.2209336375889671,0.03241762980957284,5.802308991247065,1.3899281228747622,15.905082991323276,380.9731657352241,-0.010236782354419108
W0003_0056,-1.45958055538674,27.768706696585756,12.362436761372317,64.74599756599314,,-5589.391666854446,,0.029257572111634825,8.825034448352968,5.1432487872716495,0.7569394432396958,15.843733529529986,,,13.694388930805252,-0.831098129775115,4.322933303124592,3.53562033369771,5.0363864837821195,0.034026576325856664,,7.37311073864053,0.07585128005745437,0.09682683186934715,0.03607459420558686,4.656629498399153,,15.774029682918725,357.224265379622,-0.0074824360715296055
W0003_0057,6.369314750809528,20.23816632586349,,,-36.23380160498609,-5157.281827893208,27.72299474557809,0.041707024161238594,8.532800308675991,7.365292837464678,,15.763050375827675,7.975606976452351,33.72152475214543,13.582515990191958,9.02692391214921,-7.062719855001501,2.820735299697506,11.361876678567771,0.0304622334968348,0.12333120779075932,1.9834723883505214,0.09713962576073215,0.08721571537129783,0.030711483010107374,5.407132323194992,1.1613272715471379,15.784113031593868,399.5562513559782,-0.00990268538583916
W0003_0058,5.064563809510432,19.806216943450003,11.745366694149814,73.96864877552375,,,0.8768154952473202,0.049887989714418254,9.131797631755505,3.0722260615614547,0.7531784873872602,,4.664742987536952,,20.077314257984227,8.557137068466735,9.860163527466892,-0.762479954954757,10.743502197778625,0.020479150814059925,,3.49949944859007,0.12294350957330957,0.0543118076132454,0.03144314283325691,,0.9778950514484022,15.82885002200466,130.52488864497857,-0.00966189773453921
W0003_0059,30.20194538484469,16.69310360630081,13.89089603757831,67.478854619454,677.4108499110189,-5592.574629656691,18.720883119434827,,8.767586496983734,,0.7984815252820927,15.831972996417573,,,104.86867431518306,2.1026193656356673,,1.3896153780102518,,0.03758635902304454,0.6723572002247933,5.338355837785043,0.05541952642335683,,0.03027798825095193,5.3498632306731455,1.03407982521273,15.907447727596892,256.41144017061026,-0.004280146964858944
W0003_0060,7.699730140710404,16.28195815491996,11.427274266710535,75.2273081702547,31.36519029594926,-5139.550425447129,17.47433519902301,,8.408606616618405,4.313764010087171,,15.781203733734355,6.0500494106990566,40.74725885996674,18.205160254148137,2.894757450809927,9.946007742638756,4.912809109288838,8.353044172432181,0.03868521348143403,-0.09267189708845916,9.501688008519773,0.04562269723175336,0.08507828186790335,0.017672337146051077,5.917646223710747,1.1445137762061757,15.790953212292758,543.9264970682599,-0.011976933504896228
W0003_0061,7.721999174344653,,11.026789474583857,,774.2669163966497,-5267.046433654831,21.138162618286163,0.0868036935952639,,3.867630048416738,0.6609403915730494,15.587125522289377,7.9443336120665045,46.30527030186033,3.5108188086954657,15.362479805470546,1.1820099074255248,3.5999273962235256,8.6628819643988,0.03688733110002462,-0.12725960962450375,5.327613048535847,0.18128424766537043,0.09804810049749574,0.021536032846952075,,,15.632643920762346,493.9350313162008,-0.01267871121771393
W0003_0062,3.685711167901477,20.63231361874212,8.76976751402781,68.71489871148385,868.3935457990029,-5554.921621104134,32.436606197568175,0.06175574352097174,8.800515971166098,2.873609359419947,0.7825617624565431,15.788501077509022,,49.60460558067337,20.231580641817168,12.86497929943286,-13.180139043951328,,,0.020922097511809037,-0.5185995135585504,11.944638289652634,0.1469941682404922,0.05521871133292043,0.015941679280297213,6.565329482266023,0.9761120643877846,,54.14101720511306,-0.014632259995062614
W0003_0063,-1.9743588821058458,27.04910596688232,7.422352550947282,64.98508144810403,3.584437436114008,-5582.332594779517,12.3791796986763,,8.418994250533103,4.777525229574429,0.782218534241145,15.707703011644936,5.636997444230929,,21.283344908099718,8.858042567988505,-5.641974438213834,4.900938068454498,5.235720058034884,,0.9235959500900836,,0.12336480611095547,0.026440920721871135,0.021174950743860284,4.194106014892434,0.9216792054603291,15.676283876220229,99.30194536660233,-0.00544230121147677
W0003_0064,37.95474173316531,13.741345639711627,9.477357580792285,64.03812678680792,893.1096482299756,-6528.664407363668,12.98767779798876,0.055431351870274065,9.039422248038651,3.1122323917188273,0.734817919451573,15.727233223956596,10.737646902594415,92.45625770582959,32.55578686836172,11.289207540464174,,1.7125273113168964,4.668296391775267,0.043163793823747285,,7.808576787347256,0.13744144951741688,0.08808723030869528,0.050459532655019894,4.8311066299982866,1.1004854687076968,15.731820214331629,250.7534128974213,
W0003_0065,14.344113090755979,11.844320405918868,16.32043762248061,68.54823095151103,43.11406766917173,-5217.15429172284,4.713988637162478,0.06246478178136448,8.998409746439126,4.941960325967261,0.6153129536878695,15.819837027538169,62.97898436287231,52.54354786688053,8.411915561957628,7.536325719394384,-11.319515270566415,0.9921156257748773,6.684988480033395,0.04511775022210055,-0.1921804263108415,,0.11415024256747448,0.11688579117902377,0.3053178517165392,7.060891045688511,1.4343423814253322,15.832451722204583,,-0.0073233571981440445
W0003_0066,5.654812952345024,19.06370634179635,10.172764614662281,66.40063447825791,592.7966138664615,-5388.906954546553,9.878968355104162,0.02331901866455493,9.625219429127803,4.832282941707313,0.8186759099701725,15.74654433242079,,67.94358584559114,7.0025703549109855,5.37498597778049,-4.609180546269275,5.552437687141133,,,0.2860488600766228,2.2608025512523824,0.057262996401623384,0.118833430605092,0.05407542859270661,5.740876770469219,0.9259778920869551,15.738959737566777,128.39994060772415,
W0003_0067,8.539714465846947,,6.615981752455937,68.3645087742863,649.821283588218,,,0.043210222240250375,,4.134813853912112,0.7653538271334366,15.866478347647547,,31.2787753036431,,,5.030728235274565,-3.602930430964334,9.89561765206234,,,1.8605701526001033,0.08896323012755188,0.07261559531001927,,5.316571389175158,0.9528357017390285,15.872558113547962,165.21483347498074,-0.008734620447244584
W0003_0068,10.223550705283476,,17.758628707335273,70.93873394549173,-22.3043460196959,-5182.455904107049,2.3055286483186874,0.05111510187732586,,3.0388958874699723,0.8589761725815468,15.768645098190804,4.178554791982373,29.261198722030755,9.389176995867896,14.242690526566872,-6.876734515810508,3.2085556184090183,7.33765480067289,0.021942310492035558,0.7819456596817032,6.3180111479093295,0.11591871639227425,0.0503713494693733,0.01707380441452916,5.119524221275664,1.011084148565649,15.718141736640645,21.21207332465841,-0.011434630912578346
W0003_0069,29.762644121315414,20.447102257760058,10.495915450355144,67.13936363592387,789.2996436796147,-5403.105993721144,30.08079170590845,0.03561970034931988,9.776730034111717,,0.7062003655759326,15.758194001299557,6.5743666808328225,,14.591679978173765,11.068695691789426,9.399454721274347,3.0565418226231493,,0.08044671811381478,0.423333980151882,,0.08950627636862175,0.20261780867325568,0.03086850707208418,4.438843619512495,1.0406797077765908,15.751088238017536,161.89995907070957,-0.003946372708460685
W0003_0070,-3.3195655584336725,25.738429691411596,10.987953006038936,60.2102989660389,860.3902204869695,-5616.751538920296,24.77835595611453,0.00015236843985975274,8.462079799427169,2.89402609790513,0.7422595456232487,,,86.12476862961381,,9.71956246654132,-4.3085122434980825,-5.284108093713819,6.436936846151954,0.030912740836059428,-0.14633999546282625,-1.8451691015189597,,0.04843953453751043,,5.978372406393531,0.914876233136593,15.818365290218479,450.9029930622721,-0.006348438368871356
W0003_0071,5.253529463009288,19.7045546202041,,67.01437966388806,-12.727889738547757,-5325.745514170187,8.956763349414324,,8.618344473759402,2.284831516367926,0.8066541657959654,15.882708658715291,,74.21025766458995,1.1049872698691923,11.889055201835781,17.887367732844684,2.2996809387176724,5.532341164537982,0.03199365425433936,-0.6237527176572032,3.229752021357433,0.10868488114771759,0.09697522899672292,0.030342636085628774,,0.9451957477615975,15.880496556752673,,-0.013509303031597964
W0003_0072,9.585302726571424,16.3995375812184,7.113630380828014,67.19915178721222,11.637379043432752,-5533.0417765271595,16.386937132685294,0.07148636682244279,8.861515431377212,4.7850610015864,0.7184222596696591,15.734935041533284,7.95208081275379,41.94737964134971,18.761178063965232,,9.723900416186138,,11.967136424289611,0.036637062624469544,0.034024823136966975,11.648239635757719,0.16357398044523322,,0.026576880346250113,5.6434537724152385,,,243.4588200057367,-0.008935800025541757
W0003_0073,5.69639888215742,19.665012065675327,,69.10293131217732,284.21166715279134,-6319.313847018821,11.610965973548058,,9.279240180305925,,0.6861176204440617,15.776502107727987,32.426089842259124,56.25536583721632,32.16569819306493,14.585752885984196,4.795330449390438,5.691410399696439,7.658639573077436,0.1319192516649924,0.9462373402063899,4.233155004428564,0.20943068377755988,0.36766766467592454,0.14705474437774743,,1.1897815010880912,,195.54456737108737,-0.00868318364800475
W0003_0074,9.215357194096187,23.863618852818934,10.64212178883628,,,-5405.185636053574,16.198991198780178,0.05761362710566118,8.909374694342212,2.5638723088194584,0.8495463761688501,15.740068146724868,6.8410176600421,,21.69126713214988,8.13995584404065,-6.595650302940472,2.178312106263657,6.016372656527399,0.04045164217318414,-2.0075424116711083,5.567949314012164,0.12520933849480304,0.07193636963530649,0.030950594235809786,6.002119393458904,0.9792254073670346,15.678072628391647,157.34361568436518,-0.0049680883298757715
W0003_0075,22.74492845693385,21.86887863685733,8.840833366351893,65.25455251679278,18.490767539985573,-5758.08734234827,3.104488361633582,0.06862353688860098,9.000653768695365,1.7478986108308292,0.7685001432867794,15.82485794060537,3.6279338822691485,91.5781640916452,16.47614507254237,16.840850339680102,12.11884979159575,,6.678258426354243,0.021657588973679448,,4.639076284627222,0.14539203844618995,0.04202614111418484,0.030367185367143636,4.508278594185173,0.982323145633088,15.838102066193473,66.46634781348172,-0.0047280960165142815
W0003_0076,4.756092330617958,19.858236885653213,11.98291558036984,66.43477298918967,,-6504.639714500594,14.350525252203452,0.05167279657142279,8.531886121644538,,0.8168004533431478,15.95804334438613,4.3816330564731345,34.22056812891173,27.492272530172542,14.53502404784612,-0.3111228319823456,1.1068379595786024,,0.031607857085825995,0.03981882167120663,-0.8677672836906654,0.12347025224359998,0.10015422537288587,0.029724028418858385,5.912382251358197,0.9617204527998773,15.971025300261976,503.6801821430202,-0.0097286841642607
W0003_0077,27.74839823230742,23.255884199895622,10.394701084918992,63.68578048781026,783.7712326869513,,176.91922019014567,0.4437465139603879,9.130230392764664,2.7567891561324673,0.7329359493190185,15.777144491970787,4.852232128298494,41.85505235253325,141.17134849533173,132.8112159464945,-15.162948557517737,131.07339957984598,5.338577720538765,0.0581647257215047,-0.7403427432777088,132.46077398535218,0.8916402681492384,0.13018538561970538,0.027222726308398275,6.51624771686025,1.0418935940479988,15.715829139302745,110.35033350122877,-0.0050181207677063395
W0003_0078,7.94982296367787,16.57586063075371,7.8094956924279675,68.28974558209472,31.874175079303626,-5500.912553808582,5.659226758777148,0.08487464329967553,,2.7413937898190097,0.80994781095364,15.835331137139548,10.800066274803102,24.1840290047111,9.94333039003877,15.73266063774081,-6.477686467620677,0.284468607683932,6.469305090140911,0.02911071057268434,-2.5678793854853232,0.28639720771008736,0.16781486194836553,0.06445896976254491,0.04755512345956428,6.153684130745481,1.1726369434738002,15.825593983056287,-41.75560423499218,-0.012741873710737107
W0003_0079,5.575843687689565,21.19715216629123,12.48731737934364,66.5806002563624,-32.206966136595184,-5569.002040521353,4.599133057447668,0.03498436717986741,8.720578921353741,2.6043877125122603,0.8276187440082834,15.885577498075868,4.926185903752769,109.23217204909669,6.696302211306703,9.367501027714205,-3.8827603175217087,6.45469208298729,9.89835304060154,0.034335193184186256,-0.03511426499665042,7.784464995996859,0.08863846798523917,0.07678567708742809,0.031659526928998934,,0.8136902345765696,15.846117591174355,188.90157978929707,-0.002865347467916528
W0003_0080,,18.55690304295683,7.925423805194757,69.78459693294135,,-6553.376812663774,5.141577414286614,0.04521379451405808,8.558210696430978,,0.6505761523785758,15.646521720519562,7.1112306899025,27.952601994937485,-2.9874734889523262,11.46131087823822,-8.604448666147999,11.29225017001434,,0.02266575095100489,,3.448616446656727,0.0951679735604056,0.05463505559121225,0.030013847531319273,,1.3936353138241924,15.569965047687328,402.519381876844,-0.011152834048134525
W0003_0081,,17.91700730691726,25.33647555664391,,107.76065362676596,-5459.959823240393,11.257579305204393,0.05832697179210314,8.474975088670242,3.9250792435043107,,15.736282947826497,7.011775685743798,41.09426410911353,12.879404082851005,9.462770998462965,4.462271662700698,0.6562986866015319,10.582168064532102,,-0.7875336922721999,-0.9534805651685545,0.13611639891730878,0.06302705929251887,0.026996279373472706,,1.528255471436205,15.704447839847782,84.87962044041832,-0.012741795571743661
W0003_0082,28.551287276692904,16.64741283064639,,,525.8036722491316,-6528.377538750556,3.6870833618418692,0.03993501942882893,9.055372886086527,,0.764406549025703,15.79339123472195,8.248440818053487,86.80031927635997,,14.2101523739791,,,7.059803230557773,0.04845293491749423,-0.0028401319962111232,3.523065416801354,0.12922580303803993,0.1646228356205767,,4.75866002008721,1.0058381108923766,15.779918697742236,-18.52795125850531,-0.005086228946713467
W0003_0083,11.057493245656252,14.389866053846182,,,,,8.021888811270406,0.04002756684033586,,4.326835946275913,0.8046970275577117,15.857071663568771,5.080879612620714,,12.483417617792663,10.29672131491844,,,9.469367059769613,0.03153913652055827,0.06629587982502094,8.392002351845324,0.08926903492045228,0.07352897511626606,0.03407918524578294,5.7062027399961055,0.9735388119444605,15.788900549640436,639.6222202849257,-0.014382778100257596
W0003_0084,-2.0288195454973934,28.290278816618713,14.589301362316665,65.9911000372199,724.1190880839899,-5366.0965890491,12.749409512264046,0.08311931953827648,8.624425028504625,4.6481666006473885,,,,74.38655261936312,,14.97897590727828,-3.506305968242621,-0.9022443260453894,7.809070658422185,,,3.617037886971925,0.18974612245928885,0.04324609037880435,0.03087987443921663,4.815784499233549,,,191.5626450341297,-0.0059727627700989615
W0003_0085,8.366245472604259,19.106592807762492,14.326402546070675,69.26816153241955,-35.78314718408552,,4.277478263016691,0.04646812704531312,8.664421270007521,4.473209033690281,0.7124303144083618,15.954774252293987,4.89638875208917,61.466464789520444,23.429496585370835,,16.5321493282195,4.391918557984188,8.208389978430374,,-0.36435236977101637,-1.8396442538985336,0.09060797280780623,0.04780463383109454,0.028371617187420123,7.195625376152249,1.4475705032337383,15.970569004552152,92.91937401892193,-0.009455556041058702
W0003_0086,8.364504940715463,15.43258186151312,,66.82622756551545,259.7869614412166,-5376.299282349413,21.841796131817222,0.008669595847140828,9.668925211085567,1.7269895592175502,0.7187574435828733,15.95014351286556,3.8788834949380613,29.627125091355236,,2.126623573653174,-8.234748186860108,5.3116291697022735,7.558659098783889,,-0.46745389317099584,5.7510283405530185,0.034554192070527186,0.11971034074824664,0.013149062446694011,4.746978149361825,1.395733407625349,15.96682144070387,64.71771493024244,-0.012840412511823157
W0003_0087,5.106112010381988,19.791737678716665,10.298727425117091,,,-5689.95093182914,,0.07400150272942832,9.124641246356877,4.173612826859721,,,4.356679557120508,,,10.821610658726549,6.107645585494094,8.37249503728739,,0.03185344444638512,-0.5431566196387347,,0.16601439786367087,0.08989385758275326,0.02251765674039491,5.90554769479744,,,-13.1200480076431,-0.006953517688042256
W0003_0088,34.68040334905346,16.99897496887614,,68.18587277689478,-13.651595359543157,-5260.829401024092,4.852214884240396,0.06911891962991401,8.42142869866379,4.856521185114951,0.6796173916897524,15.805244552985956,,46.99013843474973,,,-0.2872968010023291,-5.761236596215632,,0.037344364289848435,0.5159941069913989,8.808983311509598,0.15623225050495,0.0629709443604412,0.02559360275053049,6.215609990839866,,15.824757579239769,103.66377493527226,-0.003779037808466543
W0003_0089,8.399694839407822,17.63529669878664,10.83276228285528,,-19.84316810969023,-5136.6038810273785,17.91469590340051,0.02945744601033477,8.744566757815116,3.8032950624384565,0.8788780604362555,15.714943420410536,,16.68391401338687,5.357793467145852,,4.353391258580079,6.778948546488984,6.6062872533021135,0.03197693598657244,0.5761411932424945,3.190924420733365,0.07495212880219418,0.08724789764057445,0.03151355531485631,,0.9557861962203146,15.766214947929226,447.11797496896475,-0.010370778938490829
W0003_0090,6.576975667688744,17.04323287159077,15.335209541827604,,,-5712.909887718534,14.79773326307826,0.04851358346937305,8.859819936998608,,0.8421564121841697,15.814702253816455,7.541076557394559,,17.406313987017636,3.741666003927896,6.182933150760244,3.9356429562537443,11.129149108653793,0.0370498834238139,-2.7601095191402307,1.4314433789487389,0.06681408101235813,0.1050822252287698,0.026261108617121002,9.14001224835185,1.3448134816189072,15.76752222733033,,-0.008450355900636227
W0003_0091,36.21189806348554,15.201859818719464,8.67119911478625,,807.1278340000179,-5276.688409777389,-0.6729984352792471,0.10056759069595703,23.27384762334594,5.51993009886753,0.8108233348436908,15.991926498430496,41.89863717202057,90.18707052607259,25.57479543440656,12.210190856019823,-16.565952041766778,-2.6278466499658,,0.04445917438318558,-1.0765563233412048,6.371507074198717,0.2069312520329995,0.08623770367412263,,4.952947036265017,1.4723046560918451,15.980128576242945,,-0.004762464772348353
W0003_0092,5.581036455224722,18.102295752539234,12.00725967404073,68.03133908467196,-71.88125619082722,-5288.752214287212,0.5382369382258325,0.07245255597539814,8.744822183649184,5.333247988031965,0.7405395276851209,16.014323228381173,,20.04944450324818,,11.91780772652068,6.230032729273322,-2.2824819398454963,,0.022160924546146717,-0.487951880486676,0.9601732230085758,0.14607239703844752,0.06344000537896773,0.034269796035283635,5.607660990251428,1.1377178614649677,16.077507626880813,82.66103614677418,-0.012985167680860136
W0003_0093,38.72404645666984,13.224604126615104,8.75113478804813,63.81692197083007,,-6521.242633406214,8.704001956799138,0.05334271080999625,8.99899023577965,,0.7272938543992836,15.72729989477999,12.091981592901256,99.10015438824665,25.916324734828308,14.377807298710227,12.408581241911568,1.1629870720652815,7.109346228778419,0.042796783809137394,,5.2136287870298545,0.12599339170681972,0.08523866691348497,0.046889024413552284,4.886817278350184,1.1119296473336522,15.761831281628695,222.43233899459844,-0.0011661892048828446
W0003_0094,0.6208249641554948,23.451265497651878,,66.75747868220688,891.5140525318614,-5454.452303733128,5.3278950338457385,0.042508572085253,8.67545608950275,4.6327925327152455,0.7713279825984939,15.866871108152646,4.8921933638833615,42.465644156262755,8.074538017672625,1.2261506337471078,6.3903409363830885,-1.1030817713593866,6.869693279447032,,-0.09565443256382003,1.4284012614865929,0.09145919285123279,,0.02902966640097129,6.461953010758878,1.0409760057770634,15.892624973674026,106.33623546041922,-0.007452826746666952
W0003_0095,4.217929640717529,20.15243831362179,,77.3075358395328,-26.65590644827858,-5491.464542519022,20.29192086123831,0.06549337919054943,9.038409692557606,,0.8410474464247963,15.705902521503896,5.254226695895817,28.084839253563622,3.117236171491174,10.317874710803096,-9.503314166724918,8.421579401572902,6.119876194263135,,0.6727914686368357,,0.11966411857444523,0.08012865054945839,0.0372126452351854,4.499293990534669,,15.65339370594563,-15.51584519608024,-0.007501769749975968
W0003_0096,0.760379308243623,26.036565870931824,12.234745524484687,63.91857923310844,,-6465.3181913421995,12.95581827401021,0.047861796717786655,9.17868646596353,4.376828407002063,0.7994842386196639,15.961216985237819,10.688421038907267,46.51539834104446,27.41098781880071,11.400376634257315,0.19438361544644658,-1.8273211303244918,14.662058932012348,0.02679882933328649,-0.2675678839725021,5.437126053844554,0.09499102857995109,,0.05271038087300535,5.360196018859343,0.9693374935181648,16.03047916482743,54.41735949342851,-0.008136748946279835
W0003_0097,,17.50621666986591,8.080488680530406,66.75479024183548,298.84237725930274,-6324.990568345035,0.07736984543763192,,,3.190549207193241,0.829718810880484,15.863362388604031,3.3205214957798077,,14.31449439282244,,,0.17424100951355825,5.654899086474493,0.029623093946549085,,,0.1186472398476691,0.06667359466445284,0.012392960964190338,5.9734077088811794,1.3399557859148674,15.913773670354145,,-0.008800041515733546
W0003_0098,,,5.6880124810843125,68.86729748445855,,-6540.186333425424,,,,4.177234578156032,0.7903406132668458,15.864407842531596,,34.352699476369324,,,6.344028502900464,4.232488705414274,9.536949242708088,0.024946751173810105,0.11061434087675853,5.942485971575562,0.10660607569352472,0.08036349453486379,,5.366897460034044,0.9522546710913534,15.874102892245665,157.3880756364108,
W0003_0099,-1.3236925951301481,27.09702646232099,6.3665034926967365,,417.9465393393011,-5223.037263646097,17.598382804802693,0.060920315517251945,,4.365648782740582,0.5647453640444788,15.72643387233405,,66.95665767207629,18.010435588491834,3.428602851472717,19.40410499342778,,7.534659735511698,0.029594451506844206,-3.336997761816565,,0.09949628070022074,0.07175790237163077,0.03206175344083148,6.701468429826575,2.20864078654396,15.730781932307336,78.53402291892468,-0.009248904382253304
W0003_0100,15.47204243102913,,,68.65631415496065,169.12536772813547,-5534.019174904043,26.376972226369332,0.030616182165062525,8.296485846778081,4.1488047106077,0.6545887596780686,15.723154036198956,10.051861675725203,29.02578747417971,2.0994079007535134,0.7819815428902444,3.992736724997268,4.785152731538565,5.668171167502135,0.031073976852911828,-0.33393816916146024,3.7851944221456,,,0.04553279560786779,5.674799939010292,1.13075343407716,15.760498173342365,77.85327519358357,-0.014227877663307523
W0003_0101,6.929660153689827,18.079425566007167,12.819094178857936,,516.9306916141481,-5411.178708899607,20.70490615098319,,,3.853443620420338,0.6858462152821561,15.84305951343315,3.4225373459210844,58.30709247055359,24.05836367701943,7.106024114352961,-0.25740568173508277,2.108019689950255,7.562587999359373,0.032294482347817066,-0.2281079097047095,6.140964944403861,0.13785066187963493,0.0797698848987794,0.00532073805408495,5.461164548877231,1.1510838678008235,15.907989997250647,124.83333744844896,-0.011747387848121023
W0003_0102,12.703188047935136,13.167466312404493,14.139921416157208,68.01460886860994,558.5883654458403,-5538.682395883125,17.405675233411593,0.05166778559721586,8.190497849912271,,,15.88701288612281,3.9367766282184204,,3.9238655853397266,8.370760899766234,9.799251421040019,2.7906703467216785,11.694575409861088,0.03589061248295353,-0.19587135055962815,4.7371775116671175,,0.12017634845111791,0.021197029280138044,6.133005218334854,0.9706046143049959,15.972090992790228,128.41450979779705,-0.009182757930482803
W0003_0103,2.859902566061715,22.35851507882643,7.013058288726149,71.61560738899966,511.6844837855193,-5498.523975199852,7.301690582862914,0.032870367243249654,9.01075648462476,2.3826186025640097,,15.87433427781119,5.32167635930835,23.869621022345857,6.225481344737254,1.1606467731677208,,9.645803418566922,5.701889089786237,0.03509493336288264,,-1.197338737612609,0.10778214345869616,0.08529099295779512,0.037630867270481184,6.087941905154843,1.0791691307778137,15.781068455032552,139.37925461460833,-0.013783174968003402
W0003_0104,2.778501557627257,23.17282937518613,21.53731751536554,75.21072685413935,24.17847012378548,,24.04581927100817,0.09413394210470118,8.15170833063615,3.4029118530626774,0.6662300651539873,15.712315211762252,6.956980651286685,51.40979412598009,12.395307130284547,9.953047182543887,2.344659768167665,1.6625236291051761,6.7253137127755735,0.018807620984268185,0.025059269618534833,9.394579963915497,,,0.03169628401091349,7.228787419813301,1.4617450959048615,15.716168482393513,,-0.009964436098163831
W0003_0105,33.024589796165415,,13.743778136206249,68.72472492655535,13.442271713463775,-6104.01709495162,35.471154844969924,0.10317628230322307,,2.407345568302513,0.8355262221792503,15.93134258812661,15.267251052106783,95.95226723437877,22.911826829945657,21.581771101913695,-2.004471077209366,4.0936368289018885,10.281602208510078,0.044650879946997235,0.49745258223393635,1.98224005014074,0.23435245190489912,0.07827575250714525,0.0760923730329369,5.214562746705685,1.1620349101823189,,291.6977144070794,-0.0008370531295561123
W0003_0106,10.563670066961944,26.411153367434423,11.57052189866508,70.3769427056292,46.93341493918309,-5391.369424719994,,,9.035929683906506,4.821593173469796,0.8265510559268253,15.764554685914813,,44.562783134488406,,8.841178465344846,-2.3411023261070474,4.455596029086595,109.33083640892515,0.028301539725409077,0.7354455760950224,2.2235559993264946,0.15853472787691372,0.07440878489991659,0.01963126424052778,,0.7330105657343321,15.761982970630346,22.201211144990545,-0.00921889194796089
W0003_0107,17.169970761304743,17.545662234738433,8.830724245766813,69.75064922926617,-36.49961033488063,-5567.37450419342,10.251095701226712,0.10364400926447628,8.617251419789737,2.2349820174266415,0.8318094956249048,15.903695155084163,6.554427634757633,31.75133637724421,8.935204722656431,21.086700017887793,-11.14234275525094,2.412269587628108,8.176510826326751,0.042414554381879285,,3.0749535663629075,0.22494108099511742,0.06980129744307512,0.012830286418512254,5.921196114072561,0.9842678269828106,,812.0480509079284,-0.00822759277915056
W0003_0108,19.92906054253403,25.96242319382113,,68.73842626366685,-35.873403848289946,-5590.2996177699,20.364538264876376,0.04235389221284083,8.47216407468321,4.369607881519169,0.8267090183623672,15.739740225566607,9.274302031231267,99.15744234394016,11.032115749854178,10.51025176799902,3.1452830471587503,,9.606574248125183,0.05210966295761879,0.7716712592320948,6.636925758051569,0.09997213254801486,0.16534714667420808,0.05096256660085302,5.225681682310489,0.9356382225546168,15.736084816735975,157.24278223670802,-0.005337012755745817
W0003_0109,-0.7535720371162862,26.31024730652887,,67.6282563535929,4.872439909060175,-6396.4453650441,6.431840759763431,0.03660074649605835,,3.473745492175569,,15.845790455250325,5.617967141506014,6.201398617191881,16.891741974561615,,3.8860054410305223,6.685780625565241,8.13603163208525,0.03440073208885254,0.494064335499666,3.188635894337242,0.10390488484816975,0.08674223846273499,0.025547786525937463,5.279053248968797,1.4292068074563147,15.923839453525982,300.35562082674255,
W0003_0110,17.74475286607307,,8.632532024117577,68.76078717197989,516.1139548057522,,3.8998763606948397,,,2.474974372217686,0.7682930002334285,15.827278496490935,44.20142335470113,119.58462347840772,11.09594602340852,1.4871569099056852,-1.576235258934715,6.144012894073104,18.919809021913153,0.031207934110143408,-0.40102261168546377,-3.005990808841316,0.055816709514140445,0.05264600177497533,0.21125900419888627,5.391949787770128,1.1202230071918486,,97.25093473990165,-0.0013919006858283682
W0003_0111,4.27811447873915,19.5842916209186,5.89988697782219,73.36058189068979,964.8622674788292,-5360.550097113046,9.262039792105075,,8.158872469185544,3.0413016991715813,0.6849328299055455,,2.8190797650174995,37.222459947007934,25.58312676172558,19.890802763969702,,3.8631276589221435,9.236529082772204,0.02918329805770381,-1.2376177106692792,2.948715358734662,0.2517821409325595,,0.018288497218553676,5.103953363828973,,15.732515519266236,-6.901064651177808,-0.010321205594302617
W0003_0112,1.6297933138579288,24.90023832586413,13.981882577445381,69.39810124053938,18.10903806050183,-5455.662507735429,6.423027646655613,0.04855611446028944,8.623818520484397,3.798041050379984,0.8416049870460101,15.751369996984023,4.613608486652426,38.38195547152278,16.64935997828552,,-11.788771439966663,1.3439153978841492,4.910880584569387,0.027965039099796557,-2.5987525915431533,,0.12861330250634911,0.09427037060547902,0.023051153883209944,6.249139378156575,0.9625421613196399,15.744776997416974,140.55313932444736,-0.013518071165129653
W0003_0113,25.934664924489226,27.220826373986995,10.324019342318504,62.48378518102564,-58.6335137702855,-5497.730863482392,9.231112862151345,0.07162796045930395,,2.7197342475019517,0.7356043249143105,,39.87526201344937,68.78189093561603,14.514680134092414,17.02542555362538,-8.516120124050461,-1.5061499260124562,16.085968673266798,0.03521147829245267,,3.4215552634809927,0.17624611909095592,0.05379843613069262,0.18694911018156146,5.196780956875697,1.2282962005861444,15.784318303139361,39.39379060093452,-0.0020581580709451144
W0003_0114,5.808040702444634,19.39139744902657,,,-30.8114608637089,-6470.347529922734,10.08981938244249,0.061054667413573724,8.595444759342595,6.337152078716507,0.6029289288573915,15.723319330387323,,34.108365365673265,-1.0842928239903982,7.137745251988765,-4.123486259757888,8.45398925486044,6.476856328055787,0.03106539256205423,-0.5475817648327326,9.699840470641726,0.11734200916399419,0.09399967335850719,0.03164615373509147,5.8587952437621755,,,916.697445900705,-0.011006717713003102
W0003_0115,21.606691633888556,31.451647588635403,10.06334107828698,69.65388641230615,120.38101843169943,-5307.901317568419,28.39955586902755,0.05533149941855165,9.101989207229256,,0.8295104828712081,15.789835505723373,3.3863246797240603,32.34463146886967,15.752703464627414,2.2568953116797923,8.064994858180974,-3.285565224481142,,0.04876219528988597,-0.08481208600785127,8.963064722884774,0.09166057652160847,0.08372161023308264,0.026778297267525702,5.852277793113314,,15.851020551287661,150.67545674730945,-0.0034643458236869856
W0003_0116,3.5421382780754174,,19.13515453150343,70.7865272780132,,-5247.226018470203,18.182528135150704,0.03867825662689605,8.998948480293452,5.006758038945899,0.8757658074484425,15.88407760663383,6.045836401580731,24.901598868436924,28.664870557353662,12.183292470282836,-9.633960846088735,4.175146092210171,8.649100615289191,0.0326562774330127,-0.8265560185052108,3.5301791698600695,0.0764064362984474,,0.01954990366433429,7.037653501423848,1.9553600565156204,15.816382430841463,,-0.012176033633252403
W0003_0117,8.154884713194313,25.81310825451994,14.014869948472633,75.700569709374,29.1086196419382,-5349.018953581051,19.075733127375248,0.06943374235214543,9.016056036564898,4.567525554494724,0.7657900835483784,,5.967787971411425,54.65040648601875,32.025623382388225,3.6674144914021696,6.724660906939662,7.095511793270564,8.014488294225814,0.03305264291198123,-2.1268000003383527,8.109247128516346,0.15646426947705427,0.05173381955684055,0.03332204148905882,6.124528004517563,0.8276482433398263,,,-0.007059031920260246
W0003_0118,5.493966804818844,17.828989980060204,6.744581656448501,74.51624027847872,899.3551651201251,-5310.649783508064,3.9251851626398793,0.10020848229667144,8.278023614232145,3.0271169207226687,0.6844343831419727,15.73567184166422,4.308519109546527,42.966699482528746,,20.53981622055044,,4.961259548431331,9.823499335810089,0.029369349934421227,-1.0071371699108185,4.066488466956368,0.21148976342639095,0.09378381397875217,0.011837145542084844,5.067771526933995,,15.733566352993297,23.450274810869615,-0.01015705810340406
W0003_0119,9.242550825397739,16.629048370378577,22.74254629467299,72.92125837221052,0.2946982231640043,-5793.3879723796235,6.938712583451016,0.08091645151073723,8.781043896498353,2.09342191082758,0.5962236224695855,15.712363193334363,6.20290305471267,39.49912232032851,33.318274965067026,,5.962689912602953,4.132973373497125,6.205547563020627,0.0341884538173849,-0.41297770943117545,1.4055234503618603,,0.10117561069245914,0.029189931915938532,,1.4198672291617096,,507.93121779469743,-0.008645217410962166
